{"0.3157568048660566":{"user_id":2},"0.6143158164037197":{"user_id":2}}